艦名,艦種,秘書艦種,テーブル,置換先装備,置換先％,置換元装備,置換元％
「秋月」|「照月」|「涼月」|「初月」|「冬月」,,水雷系,鋼燃,10cm連装高角砲,2,12.7cm連装砲,2
「秋月」|「照月」|「涼月」|「初月」|「冬月」,,水雷系,弾薬,10cm連装高角砲,2,九四式爆雷投射機,2
「秋月」|「照月」|「涼月」|「初月」|「冬月」,,水雷系,ボーキ,10cm連装高角砲,2,九四式爆雷投射機,2
「Northampton」|「Houston」|「Minneapolis」|「Tuscaloosa」,,砲戦系,鋼燃,8inch三連装砲 Mk.9,6,12cm単装砲,2
,,,,,,14cm単装砲,4
「Northampton」|「Houston」|「Minneapolis」|「Tuscaloosa」,,砲戦系,弾薬,8inch三連装砲 Mk.9,4,九一式徹甲弾,2
,,,,,,15.5cm三連装砲,2
「Gloire」,,水雷系,弾薬,15.2cm三連装主砲,2,12.7cm連装砲,2
「L.d.S.D.d.Abruzzi」|「G.Garibaldi」,,水雷系,弾薬,152mm/55 三連装速射砲,2,25mm三連装機銃,2
